Metric,Normal,Tumor,Difference,Percent_Change
Mean_Weighted_Degree,0.16707629816340255,0.21148749451645055,0.044411196353047994,26.58
Total_Connectivity,50.79119464167437,64.29219833300097,13.501003691326595,26.58
Mean_Betweenness,0.0016183305632607602,0.004931014264685898,0.003312683701425138,204.7
Concentration_Index,0.008979206049149337,0.10207939508506618,0.09310018903591684,1036.84
