Metric,Normal,Tumor
Proportion_Nonzero_Edges,0.025468994267847836,0.040255341323606045
Average_Node_Degree,3.8585526315789473,6.098684210526316
Mean_Weighted_Degree,0.11100878160899157,0.24304602538999825
