Metric,All
Proportion_Nonzero_Edges,0.04835417752301546
Average_Node_Degree,7.3256578947368425
Mean_Weighted_Degree,0.25699820875006657
